item_no,name,price,category,image
TJ2073,سيارة ريموت لا سلكي TJ2073,16,الأصناف الجديدة,images/TJ2073.jpg
TJ2074,سيارة مجنونة ثقيل TJ2074,30,الأصناف الجديدة,images/TJ2074.jpg
JS181,شاحنة بطاريات مع اضاءة وموسيقى JS181,25,الأصناف الجديدة,images/JS181.jpg
JS129-1,جرافة بطاريات مع اضاءة وموسيقى JS129-1,25,الأصناف الجديدة,images/JS129-1.jpg
JH-67E,سيارة ريموت لا سلكي JH-67E,18,الأصناف الجديدة,images/JH-67E.jpg
JH-55E,سيارة ريموت لا سلكي JH-55E,18,الأصناف الجديدة,images/JH-55E.jpg
JH-54E,سيارة ريموت لا سلكي JH-54E,18,الأصناف الجديدة,images/JH-54E.jpg
777-562,سيارة ريموت لا سلكي 777-562,27,الأصناف الجديدة,images/777-562.jpg
XH558,سيارة ريموت لا سلكي XH558,27,الأصناف الجديدة,images/XH558.jpg
777-560,سيارة ريموت لا سلكي 777-560,27,الأصناف الجديدة,images/777-560.jpg
777-561,سيارة ريموت لا سلكي 777-561,27,الأصناف الجديدة,images/777-561.jpg
JH-GS1,سيارة ريموت لا سلكي JH-GS1,60,الأصناف الجديدة,images/JH-GS1.jpg
822-28,سيارة ريموت لا سلكي 822-28,40,الأصناف الجديدة,images/822-28.jpg
822-25,سيارة ريموت لا سلكي 822-25,45,الأصناف الجديدة,images/822-25.jpg
JH-52CXH,سيارة ريموت لا سلكي JH-52CXH,13,الأصناف الجديدة,images/JH-52CXH.jpg
689S-78,سيارة ريموت لا سلكي 689S-78,95,الأصناف الجديدة,images/689S-78.jpg
857-24,ستاند طابات اساور دزني 857-24,6.5,الأصناف الجديدة,images/857-24.jpg
YF825-1,لعبة ادوات بناتي كبير سشوار  YF825-1,45,الأصناف الجديدة,images/YF825-1.jpg
YF826,لعبة ادوات بناتي كبير سشوار  YF826,45,الأصناف الجديدة,images/YF826.jpg
YF825-2,لعبة أدوات بناتي كبير ستريت YF825-2,45,الأصناف الجديدة,images/YF825-2.jpg
8073E,جرافة لا سلكي شحن  8073E,50,الأصناف الجديدة,images/8073E.jpg
8070E,باجر لا سلكي شحن 8070E,75,الأصناف الجديدة,images/8070E.jpg
666-114,شاحنة 6 عجلات لا سلكي 666-114,75,الأصناف الجديدة,images/666-114.jpg
666-110,سيارة باتمان شفاف لا سلكي 666-110,35,الأصناف الجديدة,images/666-110.jpg
666-65,سيارة باتمان اسود لا سلكي 666-65,35,الأصناف الجديدة,images/666-65.jpg
H484,سيارة ريموت لا سلكي H484,25,الأصناف الجديدة,images/H484.jpg
666-131,جيب بناتي لا سلكي 666-131,38,الأصناف الجديدة,images/666-131.jpg
666-132,سيارة بناتي لا سلكي 666-132,38,الأصناف الجديدة,images/666-132.jpg
689S-62A,سيارة  لاسلكي شحن  689S-62A,45,الأصناف الجديدة,images/689S-62A.jpg
869-34A,سيارة ريموت لا سلكي 869-34A,25,الأصناف الجديدة,images/869-34A.jpg
16-2D,سيارة ريموت لا سلكي 16-2D,12,الأصناف الجديدة,images/16-2D.jpg
17-1D,سيارة ريموت لا سلكي 17-1D,12,الأصناف الجديدة,images/17-1D.jpg
1_19,سيارة ريموت لا سلكي 19-1,12,الأصناف الجديدة,images/19-1.jpg
GC169-195,سيارة ريموت لا سلكي شحن GC169-195,70,الأصناف الجديدة,images/GC169-195.jpg
H584,سيارة ريموت لا سلكي H584,25,الأصناف الجديدة,images/H584.jpg
869-41,سيارة ريموت لا سلكي 869-41,55,الأصناف الجديدة,images/869-41.jpg
6852-2,سيارة ريموت لا سلكي شحن 6852-2,75,الأصناف الجديدة,images/6852-2.jpg
H288,سيارة ريموت لا سلكي H288,25,الأصناف الجديدة,images/H288.jpg
6511-2,لعبة بوكسينج مع موسيقى واضاءة  6511-2,75,الأصناف الجديدة,images/6511-2.jpg
6515-2,لعبة بوكسينج مع موسيقى واضاءة  6515-2,75,الأصناف الجديدة,images/6515-2.jpg
668-52A,ستاند بيضة وصوص متحرك1/12 668-52A,3,الأصناف الجديدة,images/668-52A.jpg
HC-363,ستاند سيارات صغير  HC-363,6,الأصناف الجديدة,images/HC-363.jpg
3634,ستاند سيارات صغير  3634,6,الأصناف الجديدة,images/3634.jpg
674B,لعبة بطارية راقصة سكوبي 674B,18,الأصناف الجديدة,images/674B.jpg
ZR142,لعبة بطارية راقصة روبوت ZR142,18,الأصناف الجديدة,images/ZR142.jpg
ZR175,لعبة بطارية راقصة فضاء ZR175,18,الأصناف الجديدة,images/ZR175.jpg
ZR158,لعبة بطارية راقصة ديناصور ZR158,18,الأصناف الجديدة,images/ZR158.jpg
NR617-131,لعبة بطارية راقصة ماشا NR617-131,18,الأصناف الجديدة,images/NR617-131.jpg
899-3,سيارة ريموت لا سلكي 899-3,35,الأصناف الجديدة,images/899-3.jpg
899-21,سيار ريموت لا سلكي تسلا 899-21,35,الأصناف الجديدة,images/899-21.jpg
688-67,سيارة ريموت لا سلكي شحن بوجاتي 688-67,35,الأصناف الجديدة,images/688-67.jpg
688-237B,سيارة ريموت لا سلكي 688-237B,35,الأصناف الجديدة,images/688-237B.jpg
648-402,بارودة مطاط كهرباء اوتماتيك 648-402,75,الأصناف الجديدة,images/648-402.jpg
S5-2A,بارودة جل  S5-2A,85,الأصناف الجديدة,images/S5-2A.jpg
648-29,بارودة فلين مع بولينج مانيول 648-29,28,الأصناف الجديدة,images/648-29.jpg
SY052-9,لعبة بناتي كبير  SY052-9,45,الأصناف الجديدة,images/SY052-9.jpg
SY052-7,لعبة بناتي كبير  SY052-7,45,الأصناف الجديدة,images/SY052-7.jpg
LT-3020C6,لعبة ولادي كرة سلة مع قاعدة 176 سم LT-3020C6,75,الأصناف الجديدة,images/LT-3020C6.jpg
LT-312B25T6,لعبة ولادي كرة سلة تثبت على الحائط مع عداد LT-312B25T6,45,الأصناف الجديدة,images/LT-312B25T6.jpg
LT-12A20,لعبة ولادي مرمى كرة قدم 120*60 سم مع سلة LT-12A20,45,الأصناف الجديدة,images/LT-12A20.jpg
LT-09A1,لعبة ولادي مرمى كرة قدم 90*47 سم LT-09A1,22,الأصناف الجديدة,images/LT-09A1.jpg
2888-42B,لعبة هدف تصويب اسهم مع قاعدة كبيرة 2888-42B,130,الأصناف الجديدة,images/2888-42B.jpg
238-1B,سجادة الوان مائية مع الوان 238-1B,16,الأصناف الجديدة,images/238-1B.jpg
88315A,مدينة العاب مائية  88315A,45,الأصناف الجديدة,images/88315A.jpg
955-8,خيمة أطفال  955-8,33,الأصناف الجديدة,images/955-8.jpg
995-7053A,خيمة أطفال  995-7053A,45,الأصناف الجديدة,images/995-7053A.jpg
995-7053B,خيمة أطفال  995-7053B,45,الأصناف الجديدة,images/995-7053B.jpg
955-31,خيمة أطفال  955-31,33,الأصناف الجديدة,images/955-31.jpg
123-530,سارة مجنونة فركشن مع كفر إضافي 1/8 ستاند 123-530,50,الأصناف الجديدة,images/123-530.jpg
A0505,لعبة أطفال مانيول مع عصا تحكم وزميرة A0505,12.5,الأصناف الجديدة,images/A0505.jpg
A0526,لعبة أطفال مانيول مع عصا تحكم وزميرة A0526,12.5,الأصناف الجديدة,images/A0526.jpg
A0327,لعبة أطفال مانيول مع عصا تحكم وزميرة A0327,12.5,الأصناف الجديدة,images/A0327.jpg
9311-218A,كرت ولادي بارودة مطاط 9311-218A,6.5,الأصناف الجديدة,images/9311-218A.jpg
9311-216A,كرت ولادي بارودة مطاط 9311-216A,6.5,الأصناف الجديدة,images/9311-216A.jpg
D78,كرت أطفال خراخيش D78,6.5,الأصناف الجديدة,images/D78.jpg
2805,كرت أطفال خراخيش 2805,7.5,الأصناف الجديدة,images/2805.jpg
0754-900,لعبة ولادي كرة سلة مع سلة طابات 0754-900,85,الأصناف الجديدة,images/0754-900.jpg
3637,ستاند سيارات فركشن 1/12 3637,6,الأصناف الجديدة,images/3637.jpg
3622,ستاند سيارات معدن 3622,6,الأصناف الجديدة,images/3622.jpg
618-1A,ستاند باجر صغير  618-1A,8,الأصناف الجديدة,images/618-1A.jpg
618-6A,ستاند جرافة صغير  618-6A,8,الأصناف الجديدة,images/618-6A.jpg
HY-2801,ليجو سيارات مجسمات حديد 1/28 HY-2801,25,الأصناف الجديدة,images/HY-2801.jpg
FX7852,مكعب روبيك خمس خانات 1/6 FX7852,48,الأصناف الجديدة,images/FX7852.jpg
8111,ملتينة سحرية 12 لون صغير 8111,2,الأصناف الجديدة,images/8111.jpg
FX7230,مكعب روبيك 3 خانات  FX7230,3,الأصناف الجديدة,images/FX7230.jpg
FX7844,مكعب روبيك4 خانات 1/6   FX7844,40,الأصناف الجديدة,images/FX7844.jpg
FX7740,مكعب روبيك 4 خانات   FX7740,6.5,الأصناف الجديدة,images/FX7740.jpg
FX7343,كرت روبيك 3 قطع FX7343,8,الأصناف الجديدة,images/FX7343.jpg
836C,كرت حيونات اشكال 836C,7.5,الأصناف الجديدة,images/836C.jpg
034-1,كرت حيونات اشكال 034-1,7.5,الأصناف الجديدة,images/034-1.jpg
88-81,كرت حيونات اشكال 88-81,7.5,الأصناف الجديدة,images/88-81.jpg
989-60,ستاند سيارات صغير  989-60,3,الأصناف الجديدة,images/989-60.jpg
6630,كرت حيونات اشكال 6630,7.5,الأصناف الجديدة,images/6630.jpg
6610,كرت حيونات اشكال 6610,7.5,الأصناف الجديدة,images/6610.jpg
FX7839,مكعب روبيك  3 خانات 1/6 FX7839,5,الأصناف الجديدة,images/FX7839.jpg
ZH4D-1,علبة خرز جل ملون ZH4D-1,6,الأصناف الجديدة,images/ZH4D-1.jpg
HJ1048-1,لعبة بطارية راقصة حبار HJ1048-1,18,الأصناف الجديدة,images/HJ1048-1.jpg
1802R,طائرة لا سلكي مع ريموت 1802R,12,الأصناف الجديدة,images/1802R.jpg
HJ8180,طائرة لا سلكي  HJ8180,8,الأصناف الجديدة,images/HJ8180.jpg
HJ9196A,طائرة لا سلكي مع ريموت HJ9196A,12,الأصناف الجديدة,images/HJ9196A.jpg
858,كرة شبك طائرة مضيء مع ريموت 858,12,الأصناف الجديدة,images/858.jpg
009A,عامود دوار الشمس مع قاعدة اطلاق فقاعت صابون بطارية شحن     009A,35,الأصناف الجديدة,images/009A.jpg
001A,عامود فانوس مع قاعدة اطلاق فقاعت صابون بطارية شحن     001A,35,الأصناف الجديدة,images/001A.jpg
10258-6,طابات اسفنج 3 قطع 10258-6,7.5,الأصناف الجديدة,images/10258-6.jpg
BC238-14B,طابات اسفنج 3 قطع BC238-14B,7.5,الأصناف الجديدة,images/BC238-14B.jpg
27258F,طابات اسفنج 4 قطع مشكل 27258F,7.5,الأصناف الجديدة,images/27258F.jpg
35258-5,طابات اسفنج 3 قطع مشكل 35258-5,7.5,الأصناف الجديدة,images/35258-5.jpg
658-73B,مسدس فقاعات صابون  658-73B,7.5,الأصناف الجديدة,images/658-73B.jpg
658-88B,مسدس فقاعات صابون  658-88B,7.5,الأصناف الجديدة,images/658-88B.jpg
8943A-3,روبيك 3 خانات كرت 2 قطعة 8943A-3,6,الأصناف الجديدة,images/8943A-3.jpg
8923B-3,روبيك 3 خانات كرت 2 قطعة 8923B-3,6,الأصناف الجديدة,images/8923B-3.jpg
663,سجادة تلوين مائية مع الوان  663,12,الأصناف الجديدة,images/663.jpg
661,سجاادة تلوين مائية مع الوان وأدوات 661,12,الأصناف الجديدة,images/661.jpg
5012,ليجو بكيت اشكال 5012,7,الأصناف الجديدة,images/5012.jpg
5027,ليجو بكيت اشكال 5027,7,الأصناف الجديدة,images/5027.jpg
5031,ليجو بكيت اشكال 5031,7,الأصناف الجديدة,images/5031.jpg
23,فرشة مع هرم خراخيش بيبي 023,45,الأصناف الجديدة,images/023.jpg
5013,ليجو بكيت اشكال 5013,7,الأصناف الجديدة,images/5013.jpg
5083,ليجو بكيت اشكال 5083,7,الأصناف الجديدة,images/5083.jpg
5019,ليجو بكيت اشكال 5019,7,الأصناف الجديدة,images/5019.jpg
960-5,ملعب رياضي 5 في 1 960-5,60,الأصناف الجديدة,images/960-5.jpg
BR448,كرت بناتي  BR448,7,الأصناف الجديدة,images/BR448.jpg
HJ1038-1,لعبة بطارية راقصة حبار  HJ1038-1,18,الأصناف الجديدة,images/HJ1038-1.jpg
567,بارودة صوت  567,7,الأصناف الجديدة,images/567.jpg
1028,بارودة صوت  1028,7,الأصناف الجديدة,images/1028.jpg
1031,بارودة صوت  1031,7,الأصناف الجديدة,images/1031.jpg
6188-27A,كرت بناتي 6188-27A,7,الأصناف الجديدة,images/6188-27A.jpg
QF358-13,لعبة بطارية راقصة دمدم ساحور QF358-13,18,الأصناف الجديدة,images/QF358-13.jpg
009B,عامود دوار الشمس مع قاعدة اطلاق فقاعت صابون بطارية شحن مع ريموت     009B,45,الأصناف الجديدة,images/009B.jpg
001B,عامود فانوس مع قاعدة اطلاق فقاعت صابون بطارية شحن مع     001B,45,الأصناف الجديدة,images/001B.jpg
945-1B,كرسي أطفال هزاز كبير 945-1B,160,الأصناف الجديدة,images/945-1B.jpg
962-1A,كرسي اأطفال هزاز صغير 962-1A,100,الأصناف الجديدة,images/962-1A.jpg
954-3H,كرسي أطفال هزاز كهرباء 954-3H,170,الأصناف الجديدة,images/954-3H.jpg
6017,ووكر تعليم مشي أطفال  6017,100,الأصناف الجديدة,images/6017.jpg
6063,ووكر تعليم مشي أطفال قطار 6063,100,الأصناف الجديدة,images/6063.jpg
MC502,طاولة اطفال مع ليجو 137 قطعة MC502,95,الأصناف الجديدة,images/MC502.jpg
696-R17,نونيا أطفال كرسي حمام 696-R17,80,الأصناف الجديدة,images/696-R17.jpg
1688-24,فرشة بيبي مع خراخيش 1688-24,50,الأصناف الجديدة,images/1688-24.jpg
1688-101,علاقة سرير بيبي مع موسيقى 1688-101,38,الأصناف الجديدة,images/1688-101.jpg
888-R32,كرسي بيبي هزاز  888-R32,115,الأصناف الجديدة,images/888-R32.jpg
DM-11,سكوتر خفيف  DM-11,23,الأصناف الجديدة,images/DM-11.jpg
1_1,كرة قدم ميكاسا 1-1,15,الأصناف الجديدة,images/1-1.jpg
1_2,كرة قدم ملون 1-2,10,الأصناف الجديدة,images/1-2.jpg
1_3,كرة قدم ملون 1-3 سبايدر مان احمر,10,الأصناف الجديدة,images/1-3.jpg
1_4,كرة قدم ملون 1-4,12,الأصناف الجديدة,images/1-4.jpg
1_5,كرة سلة  1-5,15,الأصناف الجديدة,images/1-5.jpg
1_6,كرة طائرة 1-6,14,الأصناف الجديدة,images/1-6.jpg
1_7,كرة قدم ملون 1-7,15,الأصناف الجديدة,images/1-7.jpg
1_8,كرة قدم ملون 1-8,22,الأصناف الجديدة,images/1-8.jpg
1_9,كرة قدم ملون 1-9,22,الأصناف الجديدة,images/1-9.jpg
1_10,كرة يد 1-10,6.5,الأصناف الجديدة,images/1-10.jpg
1_11,كرة يد 1-11,6.5,الأصناف الجديدة,images/1-11.jpg
1_12,كرة يد 1-12,4.5,الأصناف الجديدة,images/1-12.jpg
1_13,فطابل نيدو 1-13,1.25,الأصناف الجديدة,images/1-13.jpg
1_14,طابات اسفنج 1/12 1-14,0.625,الأصناف الجديدة,images/1-14.jpg
1_15,طابات اسفنج مع مغيط 1/12 1-15,2.5,الأصناف الجديدة,images/1-15.jpg
169-105,سيارة مجنونة بطاريات 169-105,17,الأصناف الجديدة,images/169-105.jpg
9802S,سيارة مجنونة شحن ودخان 9802S,25,الأصناف الجديدة,images/9802S.jpg
9003-1/-4,سيارة ريموت صغير 9003-1/-4,12,الأصناف الجديدة,images/9003-1_-4.jpg
9003-5/-7,سيارة ريموت صغير 9003-5/-7,12,الأصناف الجديدة,images/9003-5_-7.jpg
9003-2/-3,سيارة ريموت صغير 9003-2/-3,12,الأصناف الجديدة,images/9003-2_-3.jpg
xm2285-1,عصا اسفنج مضي 50 سم xm2285-1,2,الأصناف الجديدة,images/xm2285-1.jpg
XM2285-2,بلالين شفاف مضييء  XM2285-2,1.8,الأصناف الجديدة,images/XM2285-2.jpg
XM2285-3,عصا مضيء ملون XM2285-3,1.8,الأصناف الجديدة,images/XM2285-3.jpg
816,لوح خشب مع أدوات وجهين  816,75,الأصناف الجديدة,images/816.jpg
817,لوح خشب مع أدوات وجهين  817,90,الأصناف الجديدة,images/817.jpg
426,لوح خشب مع معداد 426,22,الأصناف الجديدة,images/426.jpg
BLLN-3256,لوح خشب مغناطيس BLLN-3256,30,الأصناف الجديدة,images/BLLN-3256.jpg
GW934,ليجو مغناطيس 70 قطعة GW934,42,الأصناف الجديدة,images/GW934.jpg
S4838,طاولة شطرنج 48 سم كبير S4838,38,الأصناف الجديدة,images/S4838.jpg
S4034,طاولة شطرنج 39 سم وسط S4034,25,الأصناف الجديدة,images/S4034.jpg
S2414,طاولة شطرنج 24 سم  S2414,12,الأصناف الجديدة,images/S2414.jpg
1818,طاولة شطرنج 19 سم صغير 1818,7,الأصناف الجديدة,images/1818.jpg
LD077-DF,طاولة بلياردو خشب LD077-DF,65,الأصناف الجديدة,images/LD077-DF.jpg
LD0332-48,لعبة طاولة كرة قدم LD0332-48,65,الأصناف الجديدة,images/LD0332-48.jpg
2235-4,برج خشب جنفا 2235-4,9,الأصناف الجديدة,images/2235-4.jpg
2235-5,برج خشب جنفا 2235-5,9,الأصناف الجديدة,images/2235-5.jpg
2235-6,صندوق تعليمي انجليش 2235-6,45,الأصناف الجديدة,images/2235-6.jpg
2235-7,صندوق تعليمي عربي 2235-7,45,الأصناف الجديدة,images/2235-7.jpg
9979,جرافة جنزير لا سلكي شحن 9979,80,الأصناف الجديدة,images/9979.jpg
SH091-375b,باجر جنزير لا سلكي شحن SH091-375b,55,الأصناف الجديدة,images/SH091-375b.jpg
SH091-376b,قلاب لا سلكي اصفر شحن SH091-376b,55,الأصناف الجديدة,images/SH091-376b.jpg
9037e,باجر 8 عجال لا سلكي  شحن 9037e,120,الأصناف الجديدة,images/9037e.jpg
9995,باجر جنزير لا سلكي شحن 9995,85,الأصناف الجديدة,images/9995.jpg
SH091-654b,مركبة إطفاء شحن لا سلكي SH091-654b,85,الأصناف الجديدة,images/SH091-654b.jpg
SH091-652b,سلم إطفاء شحن لا سلكي SH091-652b,85,الأصناف الجديدة,images/SH091-652b.jpg
XJD575-63A,سيارة ريموت صغير  XJD575-63A,15,الأصناف الجديدة,images/XJD575-63A.jpg
XJD575-64A,سيارة ريموت صغير XJD575-64A,15,الأصناف الجديدة,images/XJD575-64A.jpg
XJD575-68A,سيارة ريموت صغير XJD575-68A,22,الأصناف الجديدة,images/XJD575-68A.jpg
804-1,سيارة ريموت صغير 804-1,12,الأصناف الجديدة,images/804-1.jpg
2301-6,سيارة ريموت صغير 2301-6,12,الأصناف الجديدة,images/2301-6.jpg
793,سيارة ريموت صغير 793,18,الأصناف الجديدة,images/793.jpg
794,سيارة ريموت صغير  794,18,الأصناف الجديدة,images/794.jpg
2146,صندوق مضمار سيارات احمر 2146,35,الأصناف الجديدة,images/2146.jpg
2147,صندوق مضمار سيارات اصفر 2147,35,الأصناف الجديدة,images/2147.jpg
XJD575-101C,سيارة ريموت لا سلكي شحن XJD575-101C,65,الأصناف الجديدة,images/XJD575-101C.jpg
F2015-5,سيارة ريموت لا سلكي شحن F2015-5,85,الأصناف الجديدة,images/F2015-5.jpg
6002,ستاند سيارات  حديد 1/12 6002,6.5,الأصناف الجديدة,images/6002.jpg
6001,ستاند سيارات  حديد 1/12 6001,6.5,الأصناف الجديدة,images/6001.jpg
6007,ستاند سيارات  حديد 1/12 6007,6.5,الأصناف الجديدة,images/6007.jpg
6008,ستاند سيارات  حديد 1/12 6008,6.5,الأصناف الجديدة,images/6008.jpg
3077D,لعبة بناتي ماشا والدب 3077D,25,الأصناف الجديدة,images/3077D.jpg
3077,لعبة بناتي ماشا والدب 3077,25,الأصناف الجديدة,images/3077.jpg
6130,لعبة بناتي 3 دمى 6130,45,الأصناف الجديدة,images/6130.jpg
639,لعبة بناتي 3 دمى 639,24,الأصناف الجديدة,images/639.jpg
DX013A,لعبة بناتي DX013A,35,الأصناف الجديدة,images/DX013A.jpg
XY077-5,لعبة بناتي مع عرباية XY077-5,45,الأصناف الجديدة,images/XY077-5.jpg
3084B,لعبة بناتي عروس 3084B,45,الأصناف الجديدة,images/3084B.jpg
3084C,لعبة بناتي عروس 3084C,45,الأصناف الجديدة,images/3084C.jpg
XY068,لعبة بناتي علبة أسطوانة XY068,13,الأصناف الجديدة,images/XY068.jpg
XY070,لعبة بناتي علبة أسطوانة XY070,13,الأصناف الجديدة,images/XY070.jpg
ZL6816-1,لعبة بناتي ملكة ZL6816-1,22,الأصناف الجديدة,images/ZL6816-1.jpg
ZL6816-2,لعبة بناتي ملكة ZL6816-2,22,الأصناف الجديدة,images/ZL6816-2.jpg
HXZ1B,ستاند باربي فراشة 1/12 HXZ1B,3.5,الأصناف الجديدة,images/HXZ1B.jpg
631B5,لعبة بناتي 631B5,25,الأصناف الجديدة,images/631B5.jpg
631B1,لعبة بناتي 631B1,25,الأصناف الجديدة,images/631B1.jpg
631B4,لعبة بناتي 631B4,25,الأصناف الجديدة,images/631B4.jpg
631B7,لعبة بناتي 631B7,25,الأصناف الجديدة,images/631B7.jpg
559-1,لعبة بناتي 559-1,12,الأصناف الجديدة,images/559-1.jpg
559,لعبة بناتي 559,12,الأصناف الجديدة,images/559.jpg
A33-1,لعبة بناتي A33-1,25,الأصناف الجديدة,images/A33-1.jpg
A33-2,لعبة بناتي A33-2,25,الأصناف الجديدة,images/A33-2.jpg
A33-3,لعبة بناتي A33-3,25,الأصناف الجديدة,images/A33-3.jpg
145A,لعبة بناتي 145A,15,الأصناف الجديدة,images/145A.jpg
8634,لعبة بناتي 8634,60,الأصناف الجديدة,images/8634.jpg
8640,لعبة بناتي 8640,25,الأصناف الجديدة,images/8640.jpg
6010,لعبة بناتي 6010,55,الأصناف الجديدة,images/6010.jpg
6008,لعبة بناتي 6008,55,الأصناف الجديدة,images/6008_2.jpg
8638,لعبة بناتي 8638,35,الأصناف الجديدة,images/8638.jpg
TK4124A,سلايم 1/12 ستيتش TK4124A,3.5,الأصناف الجديدة,images/TK4124A.jpg
TK4124B,سلايم 1/12 لولو كاتي TK4124B,3.5,الأصناف الجديدة,images/TK4124B.jpg
TK4116,سلايم 1/12 لابوبو TK4116,3.5,الأصناف الجديدة,images/TK4116.jpg
TK4123,سلايم 1/12 ثعلوب TK4123,3.5,الأصناف الجديدة,images/TK4123.jpg
TK4119,سلايم 1/12 باربي TK4119,4.5,الأصناف الجديدة,images/TK4119.jpg
HL8015,سلايم 1/12  HL8015,3.5,الأصناف الجديدة,images/HL8015.jpg
TK7877A,سلايم كبير 1/12 لولو كاتي TK7877A,6.5,الأصناف الجديدة,images/TK7877A.jpg
TK7877B,سلايم كبير 1/12 فواكه TK7877B,6.5,الأصناف الجديدة,images/TK7877B.jpg
TK7877C,سلايم كبير 1/12 فارة TK7877C,6.5,الأصناف الجديدة,images/TK7877C.jpg
TK7877D,سلايم كبير 1/12 ارانب TK7877D,6.5,الأصناف الجديدة,images/TK7877D.jpg
TK7877E,سلايم كبير 1/12 صوص TK7877E,6.5,الأصناف الجديدة,images/TK7877E.jpg
H12-1,سلايم بيع الشيكل 1/24 H12-1,0.58,الأصناف الجديدة,images/H12-1.jpg
H12-2,سلايم بيع الشيكل 1/24 H12-2,0.59,الأصناف الجديدة,images/H12-2.jpg
H12-3,سلايم بيع الشيكل 1/24 H12-3,0.59,الأصناف الجديدة,images/H12-3.jpg
H12-4,سلايم بيع الشيكل 1/24 H12-4,0.59,الأصناف الجديدة,images/H12-4.jpg
H12-5,سلايم بيع الشيكل 1/24 H12-5,0.59,الأصناف الجديدة,images/H12-5.jpg
H12-6,سلايم بيع الشيكل 1/24 H12-6,0.59,الأصناف الجديدة,images/H12-6.jpg
H12-7,سلايم بيع الشيكل 1/24 H12-7,0.59,الأصناف الجديدة,images/H12-7.jpg
H12-8,سلايم بيع الشيكل 1/24 H12-8,0.59,الأصناف الجديدة,images/H12-8.jpg
H12-9,سلايم بيع الشيكل 1/24 H12-9,0.625,الأصناف الجديدة,images/H12-9.jpg
H12-10,سلايم بيع الشيكل 1/24 H12-10,0.625,الأصناف الجديدة,images/H12-10.jpg
TK4006A,سكويشي 1/6 TK4006A,4,الأصناف الجديدة,images/TK4006A.jpg
TK4006B,سكويشي 1/6 TK4006B,4,الأصناف الجديدة,images/TK4006B.jpg
TK4120,سكويشي 1/12 TK4120,3.5,الأصناف الجديدة,images/TK4120.jpg
TK2169A,سكويشي 1/12 TK2169A,3,الأصناف الجديدة,images/TK2169A.jpg
TK2169B,سكويشي 1/12 TK2169B,3,الأصناف الجديدة,images/TK2169B.jpg
TK2419,سكويشي 1/12 TK2419,3,الأصناف الجديدة,images/TK2419.jpg
TK2128,سكويشي 1/12 TK2128,3,الأصناف الجديدة,images/TK2128.jpg
TK2126,سكويشي 1/12 TK2126,3,الأصناف الجديدة,images/TK2126.jpg
TK2415,سكويشي 1/12 TK2415,3,الأصناف الجديدة,images/TK2415.jpg
TK2473,سكويشي 1/12 TK2473,3,الأصناف الجديدة,images/TK2473.jpg
TK2169C,سكويشي 1/12 TK2169C,3,الأصناف الجديدة,images/TK2169C.jpg
TK2445,سكويشي كبير 1/6 TK2445,6,الأصناف الجديدة,images/TK2445.jpg
TK2437,سكويشي 1/12 TK2437,3,الأصناف الجديدة,images/TK2437.jpg
TK2470,سكويشي 1/12 TK2470,3,الأصناف الجديدة,images/TK2470.jpg
TK2438,سكويشي 1/12 TK2438,3,الأصناف الجديدة,images/TK2438.jpg
H12-11,سكويشي 1/8 قرد كبير H12-11,5,الأصناف الجديدة,images/H12-11.jpg
H12-12,سكويشي 1/8 قرد صغير H12-12,2,الأصناف الجديدة,images/H12-12.jpg
TK2447A,سكويشي اشكال 1/12 TK2447A,3,الأصناف الجديدة,images/TK2447A.jpg
TK2447B,سكويشي اشكال 1/12 TK2447B,3,الأصناف الجديدة,images/TK2447B.jpg
TK2156,سكويشي اشكال 1/12 TK2156,3,الأصناف الجديدة,images/TK2156.jpg
TK2433,سكويشي اشكال 1/12 TK2433,3,الأصناف الجديدة,images/TK2433.jpg
H12-13,سكويشي اشكال 1/12 H12-13,3,الأصناف الجديدة,images/H12-13.jpg
168-97,لعبة بطارية راقصة مشكل 168-97,18,الأصناف الجديدة,images/168-97.jpg
168-99,لعبة بطارية راقصة مشكل 168-99,18,الأصناف الجديدة,images/168-99.jpg
7153,دراجة أطفال لتعليم المشي 7153,80,الأصناف الجديدة,images/7153.jpg
2028-A,سيارة مقود سبيس 2028-A,135,الأصناف الجديدة,images/2028-A.jpg
DM涂鸦,سكوتر خفيف ملون DM涂鸦,33,الأصناف الجديدة,images/DM.jpg
DM-01,سكوتر خفيف  DM-01,23,الأصناف الجديدة,images/DM-01.jpg
DM-10,سكوتر خفيف مع كرسي DM-10,55,الأصناف الجديدة,images/DM-10.jpg
DM-11,سكوتر خفيف DM-11,23,الأصناف الجديدة,images/DM-11_2.jpg
DM-09,سكوتر مع كرسي DM-09,65,الأصناف الجديدة,images/DM-09.jpg
DM-02,بسكليت 3 عجلات مفرد DM-02,65,الأصناف الجديدة,images/DM-02.jpg
6656,سيارة لا سلكي هيلو كيتي مزدوج 6656,65,الأصناف الجديدة,images/6656.jpg
8,حقيبة طبيب ميكي ماوس 008,35,الأصناف الجديدة,images/008.jpg
6,حقيبة نجار سبايدر مان 006,35,الأصناف الجديدة,images/006.jpg
17,حقيبة كوافيرا يوني كورن 017,35,الأصناف الجديدة,images/017.jpg
23,حقيبة كوافيرا كورومي 023,35,الأصناف الجديدة,images/023_2.jpg
9105-9,بيانو دزني 9105-9,7.5,الأصناف الجديدة,images/9105-9.jpg
9105-5,بيانو دزني 9105-5,7.5,الأصناف الجديدة,images/9105-5.jpg
9105-4,بيانو دزني 9105-4,7.5,الأصناف الجديدة,images/9105-4.jpg
9105-8,بيانو دزني 9105-8,7.5,الأصناف الجديدة,images/9105-8.jpg
ZR114-1,لعبة بطارية راقصة مشكل ZR114-1,18,الأصناف الجديدة,images/ZR114-1.jpg
ZR138-3,لعبة بطارية راقصة مشكل ZR138-3,18,الأصناف الجديدة,images/ZR138-3.jpg
1122,لعبة بطارية راقصة مشكل 1122,18,الأصناف الجديدة,images/1122.jpg
88317A,مدينة العاب مائية يوني كورن 88317A,45,الأصناف الجديدة,images/88317A.jpg
955-8,خيمة أطفال 955-8,30,الأصناف الجديدة,images/955-8_2.jpg
9501-1,لعبة بطارية راقصة مشكل 9501-1,18,الأصناف الجديدة,images/9501-1.jpg
5_01,لعبة بطارية راقصة مشكل 01-5,18,الأصناف الجديدة,images/01-5.jpg
12027V,بيانو اشكال دزني 12027V,7.5,الأصناف الجديدة,images/12027V.jpg
12027M,بيانو اشكال دزني 12027M,7.5,الأصناف الجديدة,images/12027M.jpg
12027U,بيانو اشكال دزني 12027U,7.5,الأصناف الجديدة,images/12027U.jpg
12027O,بيانو اشكال دزني 12027O,7.5,الأصناف الجديدة,images/12027O.jpg
